Tweet,Sentiment
Halloween with my Mom,Neutral
El burro sabe mas que Maduro,Neutral
Since Ive been asked a lot Buy stock in several companies that make products services that you believe in Only sell if you think their products services are trending worse Dont panic when the market does This will serve you well in the longterm,Positive
To all complainers please continue complaining but it will cost 8,Negative
,Neutral
And lead us not into temptation,Neutral
Bidens mistake is that he thinks he was elected to transform the country but actually everyone just wanted less drama,Negative
There are no coincidences,Negative
Your feedback is appreciated now pay 8,Positive
What todays election feels like Team America,Positive
